{
    "parent": "item/generated",
    "textures": {
        "layer0": "item/bow"
    },
    "display": {
        "thirdperson_righthand": {
            "rotation": [ -80, 260, -40 ],
            "translation": [ -1, -2, 2.5 ],
            "scale": [ 0.9, 0.9, 0.9 ]
        },
        "thirdperson_lefthand": {
            "rotation": [ -80, -280, 40 ],
            "translation": [ -1, -2, 2.5 ],
            "scale": [ 0.9, 0.9, 0.9 ]
        },
        "firstperson_righthand": {
            "rotation": [ 0, -90, 25 ],
            "translation": [ 1.13, 3.2, 1.13],
            "scale": [ 0.68, 0.68, 0.68 ]
        },
        "firstperson_lefthand": {
            "rotation": [ 0, 90, -25 ],
            "translation": [ 1.13, 3.2, 1.13],
            "scale": [ 0.68, 0.68, 0.68 ]
        }
    },
    "overrides": [
        {
            "predicate": {
                "pulling": 1
            },
            "model": "item/bow_pulling_0"
        },
        {
            "predicate": {
                "pulling": 1,
                "pull": 0.65
            },
            "model": "item/bow_pulling_1"
        },
        {
            "predicate": {
                "pulling": 1,
                "pull": 0.9
            },
            "model": "item/bow_pulling_2"
        },
        {
            "predicate": {
                "custom_model_data": 2592
            },
            "model": "item/shortbow"
        },
        {
            "predicate": {
                "custom_model_data": 2593
            },
            "model": "item/shortbow_pulling_0"
        },
        {
            "predicate": {
                "custom_model_data": 2594
            },
            "model": "item/shortbow_pulling_1"
        },
        {
            "predicate": {
                "custom_model_data": 2595
            },
            "model": "item/shortbow_pulling_2"
        },
        {
            "predicate": {
                "custom_model_data": 2608
            },
            "model": "item/mechanical_shortbow"
        },
        {
            "predicate": {
                "custom_model_data": 2609
            },
            "model": "item/mechanical_shortbow_pulling_0"
        },
        {
            "predicate": {
                "custom_model_data": 2610
            },
            "model": "item/mechanical_shortbow_pulling_1"
        },
        {
            "predicate": {
                "custom_model_data": 2611
            },
            "model": "item/mechanical_shortbow_pulling_2"
        },
        {
            "predicate": {
                "custom_model_data": 2624
            },
            "model": "item/purple_storm"
        },
        {
            "predicate": {
                "custom_model_data": 2625
            },
            "model": "item/purple_storm_pulling_0"
        },
        {
            "predicate": {
                "custom_model_data": 2626
            },
            "model": "item/purple_storm_pulling_1"
        },
        {
            "predicate": {
                "custom_model_data": 2627
            },
            "model": "item/purple_storm_pulling_2"
        },
        {
            "predicate": {
                "custom_model_data": 2640
            },
            "model": "item/bow"
        },
        {
            "predicate": {
                "custom_model_data": 2641
            },
            "model": "item/bow_pulling_0"
        },
        {
            "predicate": {
                "custom_model_data": 2642
            },
            "model": "item/bow_pulling_1"
        },
        {
            "predicate": {
                "custom_model_data": 2643
            },
            "model": "item/bow_pulling_2"
        },
        {
            "predicate": {
                "custom_model_data": 2656
            },
            "model": "item/bone_bow"
        },
        {
            "predicate": {
                "custom_model_data": 2657
            },
            "model": "item/bone_bow_pulling_0"
        },
        {
            "predicate": {
                "custom_model_data": 2658
            },
            "model": "item/bone_bow_pulling_1"
        },
        {
            "predicate": {
                "custom_model_data": 2659
            },
            "model": "item/bone_bow_pulling_2"
        },
        {
            "predicate": {
                "custom_model_data": 2688
            },
            "model": "item/snow_bow"
        },
        {
            "predicate": {
                "custom_model_data": 2689
            },
            "model": "item/snow_bow_pulling_0"
        },
        {
            "predicate": {
                "custom_model_data": 2690
            },
            "model": "item/snow_bow_pulling_1"
        },
        {
            "predicate": {
                "custom_model_data": 2691
            },
            "model": "item/snow_bow_pulling_2"
        },
        {
            "predicate": {
                "custom_model_data": 2704
            },
            "model": "item/winters_touch"
        },
        {
            "predicate": {
                "custom_model_data": 2705
            },
            "model": "item/winters_touch_pulling_0"
        },
        {
            "predicate": {
                "custom_model_data": 2706
            },
            "model": "item/winters_touch_pulling_1"
        },
        {
            "predicate": {
                "custom_model_data": 2707
            },
            "model": "item/winters_touch_pulling_2"
        },
        {
            "predicate": {
                "custom_model_data": 2720
            },
            "model": "item/wind_bow"
        },
        {
            "predicate": {
                "custom_model_data": 2721
            },
            "model": "item/wind_bow_pulling_0"
        },
        {
            "predicate": {
                "custom_model_data": 2722
            },
            "model": "item/wind_bow_pulling_1"
        },
        {
            "predicate": {
                "custom_model_data": 2723
            },
            "model": "item/wind_bow_pulling_2"
        },
        {
            "predicate": {
                "custom_model_data": 2736
            },
            "model": "item/echo_of_the_valley"
        },
        {
            "predicate": {
                "custom_model_data": 2737
            },
            "model": "item/echo_of_the_valley_pulling_0"
        },
        {
            "predicate": {
                "custom_model_data": 2738
            },
            "model": "item/echo_of_the_valley_pulling_1"
        },
        {
            "predicate": {
                "custom_model_data": 2739
            },
            "model": "item/echo_of_the_valley_pulling_2"
        },
        {
            "predicate": {
                "custom_model_data": 2752
            },
            "model": "item/longbow"
        },
        {
            "predicate": {
                "custom_model_data": 2753
            },
            "model": "item/longbow_pulling_0"
        },
        {
            "predicate": {
                "custom_model_data": 2754
            },
            "model": "item/longbow_pulling_1"
        },
        {
            "predicate": {
                "custom_model_data": 2755
            },
            "model": "item/longbow_pulling_2"
        },
        {
            "predicate": {
                "custom_model_data": 2768
            },
            "model": "item/red_snake"
        },
        {
            "predicate": {
                "custom_model_data": 2769
            },
            "model": "item/red_snake_pulling_0"
        },
        {
            "predicate": {
                "custom_model_data": 2770
            },
            "model": "item/red_snake_pulling_1"
        },
        {
            "predicate": {
                "custom_model_data": 2771
            },
            "model": "item/red_snake_pulling_2"
        },
        {
            "predicate": {
                "custom_model_data": 2784
            },
            "model": "item/guardian_bow"
        },
        {
            "predicate": {
                "custom_model_data": 2785
            },
            "model": "item/guardian_bow_pulling_0"
        },
        {
            "predicate": {
                "custom_model_data": 2786
            },
            "model": "item/guardian_bow_pulling_1"
        },
        {
            "predicate": {
                "custom_model_data": 2787
            },
            "model": "item/guardian_bow_pulling_2"
        },
        {
            "predicate": {
                "custom_model_data": 2800
            },
            "model": "item/power_bow"
        },
        {
            "predicate": {
                "custom_model_data": 2801
            },
            "model": "item/power_bow_pulling_0"
        },
        {
            "predicate": {
                "custom_model_data": 2802
            },
            "model": "item/power_bow_pulling_1"
        },
        {
            "predicate": {
                "custom_model_data": 2803
            },
            "model": "item/power_bow_pulling_2"
        },
        {
            "predicate": {
                "custom_model_data": 2816
            },
            "model": "item/elite_power_bow"
        },
        {
            "predicate": {
                "custom_model_data": 2817
            },
            "model": "item/elite_power_bow_pulling_0"
        },
        {
            "predicate": {
                "custom_model_data": 2818
            },
            "model": "item/elite_power_bow_pulling_1"
        },
        {
            "predicate": {
                "custom_model_data": 2819
            },
            "model": "item/elite_power_bow_pulling_2"
        },
        {
            "predicate": {
                "custom_model_data": 2832
            },
            "model": "item/sabrewing"
        },
        {
            "predicate": {
                "custom_model_data": 2833
            },
            "model": "item/sabrewing_pulling_0"
        },
        {
            "predicate": {
                "custom_model_data": 2834
            },
            "model": "item/sabrewing_pulling_1"
        },
        {
            "predicate": {
                "custom_model_data": 2835
            },
            "model": "item/sabrewing_pulling_2"
        }
    ]
}
