{
    "parent": "item/generated",
    "textures": {
        "layer0": "item/crossbow_standby"
    },
    "display": {
        "thirdperson_righthand": {
            "rotation": [ -90, 0, -60 ],
            "translation": [ 2, 0.1, -3 ],
            "scale": [ 0.9, 0.9, 0.9 ]
        },
        "thirdperson_lefthand": {
            "rotation": [ -90, 0, 30 ],
            "translation": [ 2, 0.1, -3 ],
            "scale": [ 0.9, 0.9, 0.9 ]
        },
        "firstperson_righthand": {
            "rotation": [ -90, 0, -55 ],
            "translation": [ 1.13, 3.2, 1.13],
            "scale": [ 0.68, 0.68, 0.68 ]
        },
        "firstperson_lefthand": {
            "rotation": [ -90, 0, 35 ],
            "translation": [ 1.13, 3.2, 1.13],
            "scale": [ 0.68, 0.68, 0.68 ]
        }
    },
    "overrides": [
        {
            "predicate": {
                "pulling": 1
            },
            "model": "item/crossbow_pulling_0"
        },
        {
            "predicate": {
                "pulling": 1,
                "pull": 0.58
            },
            "model": "item/crossbow_pulling_1"
        },
        {
            "predicate": {
                "pulling": 1,
                "pull": 1.0
            },
            "model": "item/crossbow_pulling_2"
        },
        {
            "predicate": {
                "charged": 1
            },
            "model": "item/crossbow_arrow"
        },
        {
            "predicate": {
                "charged": 1,
                "firework": 1
            },
            "model": "item/crossbow_firework"
        },
        {
            "predicate": {
                "custom_model_data": 2848
            },
            "model": "item/rapid_crossbow"
        },
        {
            "predicate": {
                "custom_model_data": 2849
            },
            "model": "item/rapid_crossbow_pulling_0"
        },
        {
            "predicate": {
                "custom_model_data": 2850
            },
            "model": "item/rapid_crossbow_pulling_1"
        },
        {
            "predicate": {
                "custom_model_data": 2851
            },
            "model": "item/rapid_crossbow_pulling_2"
        },
        {
            "predicate": {
                "custom_model_data": 2852
            },
            "model": "item/rapid_crossbow_arrow"
        },
        {
            "predicate": {
                "custom_model_data": 2853
            },
            "model": "item/rapid_crossbow_firework"
        },
        {
            "predicate": {
                "custom_model_data": 2864
            },
            "model": "item/auto_crossbow"
        },
        {
            "predicate": {
                "custom_model_data": 2865
            },
            "model": "item/auto_crossbow_pulling_0"
        },
        {
            "predicate": {
                "custom_model_data": 2866
            },
            "model": "item/auto_crossbow_pulling_1"
        },
        {
            "predicate": {
                "custom_model_data": 2867
            },
            "model": "item/auto_crossbow_pulling_2"
        },
        {
            "predicate": {
                "custom_model_data": 2868
            },
            "model": "item/auto_crossbow_arrow"
        },
        {
            "predicate": {
                "custom_model_data": 2869
            },
            "model": "item/auto_crossbow_firework"
        },
        {
            "predicate": {
                "custom_model_data": 2880
            },
            "model": "item/butterfly_crossbow"
        },
        {
            "predicate": {
                "custom_model_data": 2881
            },
            "model": "item/butterfly_crossbow_pulling_0"
        },
        {
            "predicate": {
                "custom_model_data": 2882
            },
            "model": "item/butterfly_crossbow_pulling_1"
        },
        {
            "predicate": {
                "custom_model_data": 2883
            },
            "model": "item/butterfly_crossbow_pulling_2"
        },
        {
            "predicate": {
                "custom_model_data": 2884
            },
            "model": "item/butterfly_crossbow_arrow"
        },
        {
            "predicate": {
                "custom_model_data": 2885
            },
            "model": "item/butterfly_crossbow_firework"
        },
        {
            "predicate": {
                "custom_model_data": 2896
            },
            "model": "item/crossbow"
        },
        {
            "predicate": {
                "custom_model_data": 2897
            },
            "model": "item/crossbow_pulling_0"
        },
        {
            "predicate": {
                "custom_model_data": 2898
            },
            "model": "item/crossbow_pulling_1"
        },
        {
            "predicate": {
                "custom_model_data": 2899
            },
            "model": "item/crossbow_pulling_2"
        },
        {
            "predicate": {
                "custom_model_data": 2900
            },
            "model": "item/crossbow_arrow"
        },
        {
            "predicate": {
                "custom_model_data": 2901
            },
            "model": "item/crossbow_firework"
        },
        {
            "predicate": {
                "custom_model_data": 2912
            },
            "model": "item/the_slicer"
        },
        {
            "predicate": {
                "custom_model_data": 2913
            },
            "model": "item/the_slicer_pulling_0"
        },
        {
            "predicate": {
                "custom_model_data": 2914
            },
            "model": "item/the_slicer_pulling_1"
        },
        {
            "predicate": {
                "custom_model_data": 2915
            },
            "model": "item/the_slicer_pulling_2"
        },
        {
            "predicate": {
                "custom_model_data": 2916
            },
            "model": "item/the_slicer_arrow"
        },
        {
            "predicate": {
                "custom_model_data": 2917
            },
            "model": "item/the_slicer_firework"
        },
        {
            "predicate": {
                "custom_model_data": 2928
            },
            "model": "item/azure_seeker"
        },
        {
            "predicate": {
                "custom_model_data": 2929
            },
            "model": "item/azure_seeker_pulling_0"
        },
        {
            "predicate": {
                "custom_model_data": 2930
            },
            "model": "item/azure_seeker_pulling_1"
        },
        {
            "predicate": {
                "custom_model_data": 2931
            },
            "model": "item/azure_seeker_pulling_2"
        },
        {
            "predicate": {
                "custom_model_data": 2932
            },
            "model": "item/azure_seeker_arrow"
        },
        {
            "predicate": {
                "custom_model_data": 2933
            },
            "model": "item/azure_seeker_firework"
        },
        {
            "predicate": {
                "custom_model_data": 2944
            },
            "model": "item/scatter_crossbow"
        },
        {
            "predicate": {
                "custom_model_data": 2945
            },
            "model": "item/scatter_crossbow_pulling_0"
        },
        {
            "predicate": {
                "custom_model_data": 2946
            },
            "model": "item/scatter_crossbow_pulling_1"
        },
        {
            "predicate": {
                "custom_model_data": 2947
            },
            "model": "item/scatter_crossbow_pulling_2"
        },
        {
            "predicate": {
                "custom_model_data": 2948
            },
            "model": "item/scatter_crossbow_arrow"
        },
        {
            "predicate": {
                "custom_model_data": 2949
            },
            "model": "item/scatter_crossbow_firework"
        },
        {
            "predicate": {
                "custom_model_data": 2960
            },
            "model": "item/harp_crossbow"
        },
        {
            "predicate": {
                "custom_model_data": 2961
            },
            "model": "item/harp_crossbow_pulling_0"
        },
        {
            "predicate": {
                "custom_model_data": 2962
            },
            "model": "item/harp_crossbow_pulling_1"
        },
        {
            "predicate": {
                "custom_model_data": 2963
            },
            "model": "item/harp_crossbow_pulling_2"
        },
        {
            "predicate": {
                "custom_model_data": 2964
            },
            "model": "item/harp_crossbow_arrow"
        },
        {
            "predicate": {
                "custom_model_data": 2965
            },
            "model": "item/harp_crossbow_firework"
        },
        {
            "predicate": {
                "custom_model_data": 2976
            },
            "model": "item/lightning_harp_crossbow"
        },
        {
            "predicate": {
                "custom_model_data": 2977
            },
            "model": "item/lightning_harp_crossbow_pulling_0"
        },
        {
            "predicate": {
                "custom_model_data": 2978
            },
            "model": "item/lightning_harp_crossbow_pulling_1"
        },
        {
            "predicate": {
                "custom_model_data": 2979
            },
            "model": "item/lightning_harp_crossbow_pulling_2"
        },
        {
            "predicate": {
                "custom_model_data": 2980
            },
            "model": "item/lightning_harp_crossbow_arrow"
        },
        {
            "predicate": {
                "custom_model_data": 2981
            },
            "model": "item/lightning_harp_crossbow_firework"
        },
        {
            "predicate": {
                "custom_model_data": 2992
            },
            "model": "item/dual_crossbows"
        },
        {
            "predicate": {
                "custom_model_data": 2993
            },
            "model": "item/dual_crossbows_pulling_0"
        },
        {
            "predicate": {
                "custom_model_data": 2994
            },
            "model": "item/dual_crossbows_pulling_1"
        },
        {
            "predicate": {
                "custom_model_data": 2995
            },
            "model": "item/dual_crossbows_pulling_2"
        },
        {
            "predicate": {
                "custom_model_data": 2996
            },
            "model": "item/dual_crossbows_arrow"
        },
        {
            "predicate": {
                "custom_model_data": 2997
            },
            "model": "item/dual_crossbows_firework"
        },
        {
            "predicate": {
                "custom_model_data": 3040
            },
            "model": "item/heavy_crossbow"
        },
        {
            "predicate": {
                "custom_model_data": 3041
            },
            "model": "item/heavy_crossbow_pulling_0"
        },
        {
            "predicate": {
                "custom_model_data": 3042
            },
            "model": "item/heavy_crossbow_pulling_1"
        },
        {
            "predicate": {
                "custom_model_data": 3043
            },
            "model": "item/heavy_crossbow_pulling_2"
        },
        {
            "predicate": {
                "custom_model_data": 3044
            },
            "model": "item/heavy_crossbow_arrow"
        },
        {
            "predicate": {
                "custom_model_data": 3045
            },
            "model": "item/heavy_crossbow_firework"
        },
        {
            "predicate": {
                "custom_model_data": 3056
            },
            "model": "item/doom_crossbow"
        },
        {
            "predicate": {
                "custom_model_data": 3057
            },
            "model": "item/doom_crossbow_pulling_0"
        },
        {
            "predicate": {
                "custom_model_data": 3058
            },
            "model": "item/doom_crossbow_pulling_1"
        },
        {
            "predicate": {
                "custom_model_data": 3059
            },
            "model": "item/doom_crossbow_pulling_2"
        },
        {
            "predicate": {
                "custom_model_data": 3060
            },
            "model": "item/doom_crossbow_arrow"
        },
        {
            "predicate": {
                "custom_model_data": 3061
            },
            "model": "item/doom_crossbow_firework"
        },
        {
            "predicate": {
                "custom_model_data": 3072
            },
            "model": "item/slayer_crossbow"
        },
        {
            "predicate": {
                "custom_model_data": 3073
            },
            "model": "item/slayer_crossbow_pulling_0"
        },
        {
            "predicate": {
                "custom_model_data": 3074
            },
            "model": "item/slayer_crossbow_pulling_1"
        },
        {
            "predicate": {
                "custom_model_data": 3075
            },
            "model": "item/slayer_crossbow_pulling_2"
        },
        {
            "predicate": {
                "custom_model_data": 3076
            },
            "model": "item/slayer_crossbow_arrow"
        },
        {
            "predicate": {
                "custom_model_data": 3077
            },
            "model": "item/slayer_crossbow_firework"
        },
        {
            "predicate": {
                "custom_model_data": 3088
            },
            "model": "item/cog_crossbow"
        },
        {
            "predicate": {
                "custom_model_data": 3089
            },
            "model": "item/cog_crossbow_pulling_0"
        },
        {
            "predicate": {
                "custom_model_data": 3090
            },
            "model": "item/cog_crossbow_pulling_1"
        },
        {
            "predicate": {
                "custom_model_data": 3091
            },
            "model": "item/cog_crossbow_pulling_2"
        },
        {
            "predicate": {
                "custom_model_data": 3092
            },
            "model": "item/cog_crossbow_arrow"
        },
        {
            "predicate": {
                "custom_model_data": 3093
            },
            "model": "item/cog_crossbow_firework"
        },
        {
            "predicate": {
                "custom_model_data": 3104
            },
            "model": "item/piglins_pride"
        },
        {
            "predicate": {
                "custom_model_data": 3105
            },
            "model": "item/piglins_pride_pulling_0"
        },
        {
            "predicate": {
                "custom_model_data": 3106
            },
            "model": "item/piglins_pride_pulling_1"
        },
        {
            "predicate": {
                "custom_model_data": 3107
            },
            "model": "item/piglins_pride_pulling_2"
        },
        {
            "predicate": {
                "custom_model_data": 3108
            },
            "model": "item/piglins_pride_arrow"
        },
        {
            "predicate": {
                "custom_model_data": 3109
            },
            "model": "item/piglins_pride_firework"
        },
        {
            "predicate": {
                "custom_model_data": 5377
            },
            "model": "item/rapid_fire"
        }
    ]
}
