{
  "variants": {
    "dusted=0": [
			{ "model": "minecraft:block/suspicious_gravel_0" },
			{ "model": "minecraft:block/suspicious_gravel_0", "x": 90 },
			{ "model": "minecraft:block/suspicious_gravel_0", "x": 180 },
			{ "model": "minecraft:block/suspicious_gravel_0", "x": 270 },
			{ "model": "minecraft:block/suspicious_gravel_0" },
			{ "model": "minecraft:block/suspicious_gravel_0", "y": 90 },
			{ "model": "minecraft:block/suspicious_gravel_0", "y": 180 },
			{ "model": "minecraft:block/suspicious_gravel_0", "y": 270 },
			{ "model": "minecraft:block/suspicious_gravel_0_2" },
			{ "model": "minecraft:block/suspicious_gravel_0_2", "x": 90 },
			{ "model": "minecraft:block/suspicious_gravel_0_2", "x": 180 },
			{ "model": "minecraft:block/suspicious_gravel_0_2", "x": 270 },
			{ "model": "minecraft:block/suspicious_gravel_0_2" },
			{ "model": "minecraft:block/suspicious_gravel_0_2", "y": 90 },
			{ "model": "minecraft:block/suspicious_gravel_0_2", "y": 180 },
			{ "model": "minecraft:block/suspicious_gravel_0_2", "y": 270 },
			{ "model": "minecraft:block/suspicious_gravel_0_3" },
			{ "model": "minecraft:block/suspicious_gravel_0_3", "x": 90 },
			{ "model": "minecraft:block/suspicious_gravel_0_3", "x": 180 },
			{ "model": "minecraft:block/suspicious_gravel_0_3", "x": 270 },
			{ "model": "minecraft:block/suspicious_gravel_0_3" },
			{ "model": "minecraft:block/suspicious_gravel_0_3", "y": 90 },
			{ "model": "minecraft:block/suspicious_gravel_0_3", "y": 180 },
			{ "model": "minecraft:block/suspicious_gravel_0_3", "y": 270 },
			{ "model": "minecraft:block/suspicious_gravel_0_4" },
			{ "model": "minecraft:block/suspicious_gravel_0_4", "x": 90 },
			{ "model": "minecraft:block/suspicious_gravel_0_4", "x": 180 },
			{ "model": "minecraft:block/suspicious_gravel_0_4", "x": 270 },
			{ "model": "minecraft:block/suspicious_gravel_0_4" },
			{ "model": "minecraft:block/suspicious_gravel_0_4", "y": 90 },
			{ "model": "minecraft:block/suspicious_gravel_0_4", "y": 180 },
			{ "model": "minecraft:block/suspicious_gravel_0_4", "y": 270 },
			{ "model": "minecraft:block/suspicious_gravel_0_5" },
			{ "model": "minecraft:block/suspicious_gravel_0_5", "x": 90 },
			{ "model": "minecraft:block/suspicious_gravel_0_5", "x": 180 },
			{ "model": "minecraft:block/suspicious_gravel_0_5", "x": 270 },
			{ "model": "minecraft:block/suspicious_gravel_0_5" },
			{ "model": "minecraft:block/suspicious_gravel_0_5", "y": 90 },
			{ "model": "minecraft:block/suspicious_gravel_0_5", "y": 180 },
			{ "model": "minecraft:block/suspicious_gravel_0_5", "y": 270 },
			{ "model": "minecraft:block/suspicious_gravel_0_6" },
			{ "model": "minecraft:block/suspicious_gravel_0_6", "x": 90 },
			{ "model": "minecraft:block/suspicious_gravel_0_6", "x": 180 },
			{ "model": "minecraft:block/suspicious_gravel_0_6", "x": 270 },
			{ "model": "minecraft:block/suspicious_gravel_0_6" },
			{ "model": "minecraft:block/suspicious_gravel_0_6", "y": 90 },
			{ "model": "minecraft:block/suspicious_gravel_0_6", "y": 180 },
			{ "model": "minecraft:block/suspicious_gravel_0_6", "y": 270 },
			{ "model": "minecraft:block/suspicious_gravel_0_7" },
			{ "model": "minecraft:block/suspicious_gravel_0_7", "x": 90 },
			{ "model": "minecraft:block/suspicious_gravel_0_7", "x": 180 },
			{ "model": "minecraft:block/suspicious_gravel_0_7", "x": 270 },
			{ "model": "minecraft:block/suspicious_gravel_0_7" },
			{ "model": "minecraft:block/suspicious_gravel_0_7", "y": 90 },
			{ "model": "minecraft:block/suspicious_gravel_0_7", "y": 180 },
			{ "model": "minecraft:block/suspicious_gravel_0_7", "y": 270 },
			{ "model": "minecraft:block/suspicious_gravel_0_8" },
			{ "model": "minecraft:block/suspicious_gravel_0_8", "x": 90 },
			{ "model": "minecraft:block/suspicious_gravel_0_8", "x": 180 },
			{ "model": "minecraft:block/suspicious_gravel_0_8", "x": 270 },
			{ "model": "minecraft:block/suspicious_gravel_0_8" },
			{ "model": "minecraft:block/suspicious_gravel_0_8", "y": 90 },
			{ "model": "minecraft:block/suspicious_gravel_0_8", "y": 180 },
			{ "model": "minecraft:block/suspicious_gravel_0_8", "y": 270 },
			{ "model": "minecraft:block/suspicious_gravel_0_9" },
			{ "model": "minecraft:block/suspicious_gravel_0_9", "x": 90 },
			{ "model": "minecraft:block/suspicious_gravel_0_9", "x": 180 },
			{ "model": "minecraft:block/suspicious_gravel_0_9", "x": 270 },
			{ "model": "minecraft:block/suspicious_gravel_0_9" },
			{ "model": "minecraft:block/suspicious_gravel_0_9", "y": 90 },
			{ "model": "minecraft:block/suspicious_gravel_0_9", "y": 180 },
			{ "model": "minecraft:block/suspicious_gravel_0_9", "y": 270 }
	],
    "dusted=1": [
			{ "model": "minecraft:block/suspicious_gravel_1" },
			{ "model": "minecraft:block/suspicious_gravel_1", "x": 90 },
			{ "model": "minecraft:block/suspicious_gravel_1", "x": 180 },
			{ "model": "minecraft:block/suspicious_gravel_1", "x": 270 },
			{ "model": "minecraft:block/suspicious_gravel_1" },
			{ "model": "minecraft:block/suspicious_gravel_1", "y": 90 },
			{ "model": "minecraft:block/suspicious_gravel_1", "y": 180 },
			{ "model": "minecraft:block/suspicious_gravel_1", "y": 270 },
			{ "model": "minecraft:block/suspicious_gravel_1_2" },
			{ "model": "minecraft:block/suspicious_gravel_1_2", "x": 90 },
			{ "model": "minecraft:block/suspicious_gravel_1_2", "x": 180 },
			{ "model": "minecraft:block/suspicious_gravel_1_2", "x": 270 },
			{ "model": "minecraft:block/suspicious_gravel_1_2" },
			{ "model": "minecraft:block/suspicious_gravel_1_2", "y": 90 },
			{ "model": "minecraft:block/suspicious_gravel_1_2", "y": 180 },
			{ "model": "minecraft:block/suspicious_gravel_1_2", "y": 270 },
			{ "model": "minecraft:block/suspicious_gravel_1_3" },
			{ "model": "minecraft:block/suspicious_gravel_1_3", "x": 90 },
			{ "model": "minecraft:block/suspicious_gravel_1_3", "x": 180 },
			{ "model": "minecraft:block/suspicious_gravel_1_3", "x": 270 },
			{ "model": "minecraft:block/suspicious_gravel_1_3" },
			{ "model": "minecraft:block/suspicious_gravel_1_3", "y": 90 },
			{ "model": "minecraft:block/suspicious_gravel_1_3", "y": 180 },
			{ "model": "minecraft:block/suspicious_gravel_1_3", "y": 270 },
			{ "model": "minecraft:block/suspicious_gravel_1_4" },
			{ "model": "minecraft:block/suspicious_gravel_1_4", "x": 90 },
			{ "model": "minecraft:block/suspicious_gravel_1_4", "x": 180 },
			{ "model": "minecraft:block/suspicious_gravel_1_4", "x": 270 },
			{ "model": "minecraft:block/suspicious_gravel_1_4" },
			{ "model": "minecraft:block/suspicious_gravel_1_4", "y": 90 },
			{ "model": "minecraft:block/suspicious_gravel_1_4", "y": 180 },
			{ "model": "minecraft:block/suspicious_gravel_1_4", "y": 270 },
			{ "model": "minecraft:block/suspicious_gravel_1_5" },
			{ "model": "minecraft:block/suspicious_gravel_1_5", "x": 90 },
			{ "model": "minecraft:block/suspicious_gravel_1_5", "x": 180 },
			{ "model": "minecraft:block/suspicious_gravel_1_5", "x": 270 },
			{ "model": "minecraft:block/suspicious_gravel_1_5" },
			{ "model": "minecraft:block/suspicious_gravel_1_5", "y": 90 },
			{ "model": "minecraft:block/suspicious_gravel_1_5", "y": 180 },
			{ "model": "minecraft:block/suspicious_gravel_1_5", "y": 270 },
			{ "model": "minecraft:block/suspicious_gravel_1_6" },
			{ "model": "minecraft:block/suspicious_gravel_1_6", "x": 90 },
			{ "model": "minecraft:block/suspicious_gravel_1_6", "x": 180 },
			{ "model": "minecraft:block/suspicious_gravel_1_6", "x": 270 },
			{ "model": "minecraft:block/suspicious_gravel_1_6" },
			{ "model": "minecraft:block/suspicious_gravel_1_6", "y": 90 },
			{ "model": "minecraft:block/suspicious_gravel_1_6", "y": 180 },
			{ "model": "minecraft:block/suspicious_gravel_1_6", "y": 270 },
			{ "model": "minecraft:block/suspicious_gravel_1_7" },
			{ "model": "minecraft:block/suspicious_gravel_1_7", "x": 90 },
			{ "model": "minecraft:block/suspicious_gravel_1_7", "x": 180 },
			{ "model": "minecraft:block/suspicious_gravel_1_7", "x": 270 },
			{ "model": "minecraft:block/suspicious_gravel_1_7" },
			{ "model": "minecraft:block/suspicious_gravel_1_7", "y": 90 },
			{ "model": "minecraft:block/suspicious_gravel_1_7", "y": 180 },
			{ "model": "minecraft:block/suspicious_gravel_1_7", "y": 270 },
			{ "model": "minecraft:block/suspicious_gravel_1_8" },
			{ "model": "minecraft:block/suspicious_gravel_1_8", "x": 90 },
			{ "model": "minecraft:block/suspicious_gravel_1_8", "x": 180 },
			{ "model": "minecraft:block/suspicious_gravel_1_8", "x": 270 },
			{ "model": "minecraft:block/suspicious_gravel_1_8" },
			{ "model": "minecraft:block/suspicious_gravel_1_8", "y": 90 },
			{ "model": "minecraft:block/suspicious_gravel_1_8", "y": 180 },
			{ "model": "minecraft:block/suspicious_gravel_1_8", "y": 270 },
			{ "model": "minecraft:block/suspicious_gravel_1_9" },
			{ "model": "minecraft:block/suspicious_gravel_1_9", "x": 90 },
			{ "model": "minecraft:block/suspicious_gravel_1_9", "x": 180 },
			{ "model": "minecraft:block/suspicious_gravel_1_9", "x": 270 },
			{ "model": "minecraft:block/suspicious_gravel_1_9" },
			{ "model": "minecraft:block/suspicious_gravel_1_9", "y": 90 },
			{ "model": "minecraft:block/suspicious_gravel_1_9", "y": 180 },
			{ "model": "minecraft:block/suspicious_gravel_1_9", "y": 270 }
	],
    "dusted=2": [
		{ "model": "minecraft:block/suspicious_gravel_2" },
		{ "model": "minecraft:block/suspicious_gravel_2", "x": 90 },
		{ "model": "minecraft:block/suspicious_gravel_2", "x": 180 },
		{ "model": "minecraft:block/suspicious_gravel_2", "x": 270 },
		{ "model": "minecraft:block/suspicious_gravel_2" },
		{ "model": "minecraft:block/suspicious_gravel_2", "y": 90 },
		{ "model": "minecraft:block/suspicious_gravel_2", "y": 180 },
		{ "model": "minecraft:block/suspicious_gravel_2", "y": 270 },
		{ "model": "minecraft:block/suspicious_gravel_2_2" },
		{ "model": "minecraft:block/suspicious_gravel_2_2", "x": 90},
		{ "model": "minecraft:block/suspicious_gravel_2_2", "x": 180},
		{ "model": "minecraft:block/suspicious_gravel_2_2", "x": 270},
		{ "model": "minecraft:block/suspicious_gravel_2_2" },
		{ "model": "minecraft:block/suspicious_gravel_2_2", "y": 90 },
		{ "model": "minecraft:block/suspicious_gravel_2_2", "y": 180 },
		{ "model": "minecraft:block/suspicious_gravel_2_2", "y": 270 },
		{ "model": "minecraft:block/suspicious_gravel_2_3" },
		{ "model": "minecraft:block/suspicious_gravel_2_3", "x": 90},
		{ "model": "minecraft:block/suspicious_gravel_2_3", "x": 180},
		{ "model": "minecraft:block/suspicious_gravel_2_3", "x": 270},
		{ "model": "minecraft:block/suspicious_gravel_2_3" },
		{ "model": "minecraft:block/suspicious_gravel_2_3", "y": 90 },
		{ "model": "minecraft:block/suspicious_gravel_2_3", "y": 180 },
		{ "model": "minecraft:block/suspicious_gravel_2_3", "y": 270 },
		{ "model": "minecraft:block/suspicious_gravel_2_4" },
		{ "model": "minecraft:block/suspicious_gravel_2_4", "x": 90},
		{ "model": "minecraft:block/suspicious_gravel_2_4", "x": 180},
		{ "model": "minecraft:block/suspicious_gravel_2_4", "x": 270},
		{ "model": "minecraft:block/suspicious_gravel_2_4" },
		{ "model": "minecraft:block/suspicious_gravel_2_4", "y": 90 },
		{ "model": "minecraft:block/suspicious_gravel_2_4", "y": 180 },
		{ "model": "minecraft:block/suspicious_gravel_2_4", "y": 270 },
		{ "model": "minecraft:block/suspicious_gravel_2_5" },
		{ "model": "minecraft:block/suspicious_gravel_2_5", "x": 90},
		{ "model": "minecraft:block/suspicious_gravel_2_5", "x": 180},
		{ "model": "minecraft:block/suspicious_gravel_2_5", "x": 270},
		{ "model": "minecraft:block/suspicious_gravel_2_5" },
		{ "model": "minecraft:block/suspicious_gravel_2_5", "y": 90 },
		{ "model": "minecraft:block/suspicious_gravel_2_5", "y": 180 },
		{ "model": "minecraft:block/suspicious_gravel_2_5", "y": 270 },
		{ "model": "minecraft:block/suspicious_gravel_2_6" },
		{ "model": "minecraft:block/suspicious_gravel_2_6", "x": 90},
		{ "model": "minecraft:block/suspicious_gravel_2_6", "x": 180},
		{ "model": "minecraft:block/suspicious_gravel_2_6", "x": 270},
		{ "model": "minecraft:block/suspicious_gravel_2_6" },
		{ "model": "minecraft:block/suspicious_gravel_2_6", "y": 90 },
		{ "model": "minecraft:block/suspicious_gravel_2_6", "y": 180 },
		{ "model": "minecraft:block/suspicious_gravel_2_6", "y": 270 },
		{ "model": "minecraft:block/suspicious_gravel_2_7" },
		{ "model": "minecraft:block/suspicious_gravel_2_7", "x": 90},
		{ "model": "minecraft:block/suspicious_gravel_2_7", "x": 180},
		{ "model": "minecraft:block/suspicious_gravel_2_7", "x": 270},
		{ "model": "minecraft:block/suspicious_gravel_2_7" },
		{ "model": "minecraft:block/suspicious_gravel_2_7", "y": 90 },
		{ "model": "minecraft:block/suspicious_gravel_2_7", "y": 180 },
		{ "model": "minecraft:block/suspicious_gravel_2_7", "y": 270 },
		{ "model": "minecraft:block/suspicious_gravel_2_8" },
		{ "model": "minecraft:block/suspicious_gravel_2_8", "x": 90},
		{ "model": "minecraft:block/suspicious_gravel_2_8", "x": 180},
		{ "model": "minecraft:block/suspicious_gravel_2_8", "x": 270},
		{ "model": "minecraft:block/suspicious_gravel_2_8" },
		{ "model": "minecraft:block/suspicious_gravel_2_8", "y": 90 },
		{ "model": "minecraft:block/suspicious_gravel_2_8", "y": 180 },
		{ "model": "minecraft:block/suspicious_gravel_2_8", "y": 270 },
		{ "model": "minecraft:block/suspicious_gravel_2_9" },
		{ "model": "minecraft:block/suspicious_gravel_2_9", "x": 90},
		{ "model": "minecraft:block/suspicious_gravel_2_9", "x": 180},
		{ "model": "minecraft:block/suspicious_gravel_2_9", "x": 270},
		{ "model": "minecraft:block/suspicious_gravel_2_9" },
		{ "model": "minecraft:block/suspicious_gravel_2_9", "y": 90 },
		{ "model": "minecraft:block/suspicious_gravel_2_9", "y": 180 },
		{ "model": "minecraft:block/suspicious_gravel_2_9", "y": 270 }
	],
    "dusted=3": [
		{ "model": "minecraft:block/suspicious_gravel_3" },
		{ "model": "minecraft:block/suspicious_gravel_3", "x": 90 },
		{ "model": "minecraft:block/suspicious_gravel_3", "x": 180 },
		{ "model": "minecraft:block/suspicious_gravel_3", "x": 270 },
		{ "model": "minecraft:block/suspicious_gravel_3" },
		{ "model": "minecraft:block/suspicious_gravel_3", "y": 90 },
		{ "model": "minecraft:block/suspicious_gravel_3", "y": 180 },
		{ "model": "minecraft:block/suspicious_gravel_3", "y": 270 },
		{ "model": "minecraft:block/suspicious_gravel_3_2" },
		{ "model": "minecraft:block/suspicious_gravel_3_2", "x": 90},
		{ "model": "minecraft:block/suspicious_gravel_3_2", "x": 180},
		{ "model": "minecraft:block/suspicious_gravel_3_2", "x": 270},
		{ "model": "minecraft:block/suspicious_gravel_3_2" },
		{ "model": "minecraft:block/suspicious_gravel_3_2", "y": 90 },
		{ "model": "minecraft:block/suspicious_gravel_3_2", "y": 180 },
		{ "model": "minecraft:block/suspicious_gravel_3_2", "y": 270 },
		{ "model": "minecraft:block/suspicious_gravel_3_3" },
		{ "model": "minecraft:block/suspicious_gravel_3_3", "x": 90},
		{ "model": "minecraft:block/suspicious_gravel_3_3", "x": 180},
		{ "model": "minecraft:block/suspicious_gravel_3_3", "x": 270},
		{ "model": "minecraft:block/suspicious_gravel_3_3" },
		{ "model": "minecraft:block/suspicious_gravel_3_3", "y": 90 },
		{ "model": "minecraft:block/suspicious_gravel_3_3", "y": 180 },
		{ "model": "minecraft:block/suspicious_gravel_3_3", "y": 270 },
		{ "model": "minecraft:block/suspicious_gravel_3_4" },
		{ "model": "minecraft:block/suspicious_gravel_3_4", "x": 90},
		{ "model": "minecraft:block/suspicious_gravel_3_4", "x": 180},
		{ "model": "minecraft:block/suspicious_gravel_3_4", "x": 270},
		{ "model": "minecraft:block/suspicious_gravel_3_4" },
		{ "model": "minecraft:block/suspicious_gravel_3_4", "y": 90 },
		{ "model": "minecraft:block/suspicious_gravel_3_4", "y": 180 },
		{ "model": "minecraft:block/suspicious_gravel_3_4", "y": 270 },
		{ "model": "minecraft:block/suspicious_gravel_3_5" },
		{ "model": "minecraft:block/suspicious_gravel_3_5", "x": 90},
		{ "model": "minecraft:block/suspicious_gravel_3_5", "x": 180},
		{ "model": "minecraft:block/suspicious_gravel_3_5", "x": 270},
		{ "model": "minecraft:block/suspicious_gravel_3_5" },
		{ "model": "minecraft:block/suspicious_gravel_3_5", "y": 90 },
		{ "model": "minecraft:block/suspicious_gravel_3_5", "y": 180 },
		{ "model": "minecraft:block/suspicious_gravel_3_5", "y": 270 },
		{ "model": "minecraft:block/suspicious_gravel_3_6" },
		{ "model": "minecraft:block/suspicious_gravel_3_6", "x": 90},
		{ "model": "minecraft:block/suspicious_gravel_3_6", "x": 180},
		{ "model": "minecraft:block/suspicious_gravel_3_6", "x": 270},
		{ "model": "minecraft:block/suspicious_gravel_3_6" },
		{ "model": "minecraft:block/suspicious_gravel_3_6", "y": 90 },
		{ "model": "minecraft:block/suspicious_gravel_3_6", "y": 180 },
		{ "model": "minecraft:block/suspicious_gravel_3_6", "y": 270 },
		{ "model": "minecraft:block/suspicious_gravel_3_7" },
		{ "model": "minecraft:block/suspicious_gravel_3_7", "x": 90},
		{ "model": "minecraft:block/suspicious_gravel_3_7", "x": 180},
		{ "model": "minecraft:block/suspicious_gravel_3_7", "x": 270},
		{ "model": "minecraft:block/suspicious_gravel_3_7" },
		{ "model": "minecraft:block/suspicious_gravel_3_7", "y": 90 },
		{ "model": "minecraft:block/suspicious_gravel_3_7", "y": 180 },
		{ "model": "minecraft:block/suspicious_gravel_3_7", "y": 270 },
		{ "model": "minecraft:block/suspicious_gravel_3_8" },
		{ "model": "minecraft:block/suspicious_gravel_3_8", "x": 90},
		{ "model": "minecraft:block/suspicious_gravel_3_8", "x": 180},
		{ "model": "minecraft:block/suspicious_gravel_3_8", "x": 270},
		{ "model": "minecraft:block/suspicious_gravel_3_8" },
		{ "model": "minecraft:block/suspicious_gravel_3_8", "y": 90 },
		{ "model": "minecraft:block/suspicious_gravel_3_8", "y": 180 },
		{ "model": "minecraft:block/suspicious_gravel_3_8", "y": 270 },
		{ "model": "minecraft:block/suspicious_gravel_3_9" },
		{ "model": "minecraft:block/suspicious_gravel_3_9", "x": 90},
		{ "model": "minecraft:block/suspicious_gravel_3_9", "x": 180},
		{ "model": "minecraft:block/suspicious_gravel_3_9", "x": 270},
		{ "model": "minecraft:block/suspicious_gravel_3_9" },
		{ "model": "minecraft:block/suspicious_gravel_3_9", "y": 90 },
		{ "model": "minecraft:block/suspicious_gravel_3_9", "y": 180 },
		{ "model": "minecraft:block/suspicious_gravel_3_9", "y": 270 }
	]
  }
}