{
	"credit": "Made with Blockbench",
	"texture_size": [16, 32],
	"textures": {
		"0": "block/cocoa_stage2",
		"particle": "block/cocoa_stage2"
	},
	"elements": [
		{
			"from": [4, 6, 11],
			"to": [12, 17, 15],
			"rotation": {"angle": 0, "axis": "y", "origin": [15, 8, 7]},
			"faces": {
				"north": {"uv": [8, 10.5, 16, 16], "texture": "#0"},
				"east": {"uv": [12, 5, 8, 10.5], "texture": "#0"},
				"south": {"uv": [16, 10.5, 8, 16], "texture": "#0"},
				"west": {"uv": [12, 5, 8, 10.5], "texture": "#0"},
				"up": {"uv": [0, 2, 8, 0], "texture": "#0"},
				"down": {"uv": [0, 4, 6, 0], "texture": "#0"}
			}
		},
		{
			"from": [3.75, 17, 10.75],
			"to": [12.25, 18, 15.25],
			"rotation": {"angle": 0, "axis": "y", "origin": [15, 23, 7]},
			"faces": {
				"north": {"uv": [8.5, 0, 0, 0.5], "texture": "#0"},
				"east": {"uv": [4.5, 0, 0, 0.5], "texture": "#0"},
				"south": {"uv": [8.5, 0, 0, 0.5], "texture": "#0"},
				"west": {"uv": [4.5, 0, 0, 0.5], "texture": "#0"},
				"up": {"uv": [1, 15, 9, 12.5], "texture": "#0"},
				"down": {"uv": [0, 4, 6, 0], "texture": "#0"}
			}
		},
		{
			"from": [12, 9, 1],
			"to": [13, 10, 10],
			"rotation": {"angle": 0, "axis": "y", "origin": [13, 16, 3]},
			"faces": {
				"north": {"uv": [1, 0.5, 0, 1], "texture": "#0"},
				"east": {"uv": [9, 0.5, 0, 1], "texture": "#0"},
				"south": {"uv": [1, 0.5, 0, 1], "texture": "#0"},
				"west": {"uv": [9, 0.5, 0, 1], "texture": "#0"},
				"up": {"uv": [0, 4.5, 1, 0], "texture": "#0"},
				"down": {"uv": [0, 4.5, 1, 0], "texture": "#0"}
			}
		},
		{
			"from": [3, 9, 1],
			"to": [4, 10, 10],
			"rotation": {"angle": 0, "axis": "y", "origin": [4, 16, 3]},
			"faces": {
				"north": {"uv": [1, 0.5, 0, 1], "texture": "#0"},
				"east": {"uv": [9, 0.5, 0, 1], "texture": "#0"},
				"south": {"uv": [1, 0.5, 0, 1], "texture": "#0"},
				"west": {"uv": [9, 0.5, 0, 1], "texture": "#0"},
				"up": {"uv": [0, 4.5, 1, 0], "texture": "#0"},
				"down": {"uv": [0, 4.5, 1, 0], "texture": "#0"}
			}
		},
		{
			"from": [4, 6, 1],
			"to": [12, 9, 11],
			"rotation": {"angle": 0, "axis": "y", "origin": [13, 15, 3]},
			"faces": {
				"north": {"uv": [8, 0, 0, 1.5], "texture": "#0"},
				"east": {"uv": [10, 0, 0, 1.5], "texture": "#0"},
				"south": {"uv": [8, 0, 0, 1.5], "texture": "#0"},
				"west": {"uv": [10, 0, 0, 1.5], "texture": "#0"},
				"up": {"uv": [0, 5.5, 8, 0.5], "texture": "#0"},
				"down": {"uv": [0, 5.5, 8, 0.5], "texture": "#0"}
			}
		},
		{
			"from": [5, 4, 2],
			"to": [11, 6, 9],
			"rotation": {"angle": 0, "axis": "y", "origin": [13, 11, 3]},
			"faces": {
				"north": {"uv": [6, 0.5, 0, 1.5], "texture": "#0"},
				"east": {"uv": [7, 0.5, 0, 1.5], "texture": "#0"},
				"south": {"uv": [6, 0.5, 0, 1.5], "texture": "#0"},
				"west": {"uv": [7, 0.5, 0, 1.5], "texture": "#0"},
				"up": {"uv": [0, 4, 6, 0.5], "texture": "#0"},
				"down": {"uv": [0, 4, 6, 0.5], "texture": "#0"}
			}
		},
		{
			"from": [6, 4, 9],
			"to": [10, 6, 11],
			"rotation": {"angle": 0, "axis": "y", "origin": [13, 11, 5]},
			"faces": {
				"north": {"uv": [4, 0.5, 0, 1.5], "texture": "#0"},
				"east": {"uv": [2, 0.5, 0, 1.5], "texture": "#0"},
				"south": {"uv": [4, 0.5, 0, 1.5], "texture": "#0"},
				"west": {"uv": [2, 0.5, 0, 1.5], "texture": "#0"},
				"up": {"uv": [0, 1.5, 4, 0.5], "texture": "#0"},
				"down": {"uv": [0, 1.5, 4, 0.5], "texture": "#0"}
			}
		},
		{
			"from": [5, 0, 3],
			"to": [11, 4, 11],
			"rotation": {"angle": 0, "axis": "y", "origin": [13, 9, 3]},
			"faces": {
				"north": {"uv": [6, 0.5, 0, 2.5], "texture": "#0"},
				"east": {"uv": [8, 0.5, 0, 2.5], "texture": "#0"},
				"south": {"uv": [6, 0.5, 0, 2.5], "texture": "#0"},
				"west": {"uv": [8, 0.5, 0, 2.5], "texture": "#0"},
				"up": {"uv": [0, 4.5, 6, 0.5], "texture": "#0"},
				"down": {"uv": [0, 4.5, 6, 0.5], "texture": "#0"}
			}
		},
		{
			"from": [4, 9, 0],
			"to": [12, 10, 10],
			"rotation": {"angle": 0, "axis": "y", "origin": [13, 16, 0]},
			"faces": {
				"north": {"uv": [8, 0.5, 0, 1], "texture": "#0"},
				"east": {"uv": [10, 0.5, 0, 1], "texture": "#0"},
				"south": {"uv": [8, 0.5, 0, 1], "texture": "#0"},
				"west": {"uv": [10, 0.5, 0, 1], "texture": "#0"},
				"up": {"uv": [0, 5, 8, 0], "texture": "#0"},
				"down": {"uv": [0, 5, 8, 0], "texture": "#0"}
			}
		},
		{
			"from": [5, 0, 11],
			"to": [11, 6, 15],
			"rotation": {"angle": 0, "axis": "y", "origin": [13, 8, 19]},
			"faces": {
				"north": {"uv": [0, 0, 6, 3], "texture": "#0"},
				"east": {"uv": [0, 0.5, 4, 3.5], "texture": "#0"},
				"south": {"uv": [0, 0, 6, 3], "texture": "#0"},
				"west": {"uv": [0, 0, 4, 3], "texture": "#0"},
				"up": {"uv": [0, 0.5, 6, 2.5], "texture": "#0"},
				"down": {"uv": [0, 0.5, 6, 2.5], "texture": "#0"}
			}
		}
	]
}