{
	"credit": "Made with Blockbench",
	"textures": {
		"0": "block/ladder",
		"particle": "block/ladder"
	},
	"elements": [
		{
			"from": [1, 0, 15],
			"to": [3, 16, 16],
			"faces": {
				"north": {"uv": [3, 0, 1, 16], "texture": "#0"},
				"east": {"uv": [3, 0, 2, 16], "texture": "#0"},
				"south": {"uv": [1, 0, 3, 16], "texture": "#0"},
				"west": {"uv": [2, 0, 1, 16], "texture": "#0"},
				"up": {"uv": [1, 1, 3, 0], "texture": "#0"},
				"down": {"uv": [1, 16, 3, 15], "texture": "#0"}
			}
		},
		{
			"from": [3, 4, 15],
			"to": [13, 6, 16],
			"rotation": {"angle": 0, "axis": "y", "origin": [10, 12, 8]},
			"faces": {
				"north": {"uv": [13, 10, 3, 12], "texture": "#0"},
				"south": {"uv": [3, 10, 13, 12], "texture": "#0"},
				"up": {"uv": [3, 11, 13, 10], "texture": "#0"},
				"down": {"uv": [3, 12, 13, 11], "texture": "#0"}
			}
		},
		{
			"from": [3, 12, 15],
			"to": [13, 14, 16],
			"rotation": {"angle": 0, "axis": "y", "origin": [10, 20, 8]},
			"faces": {
				"north": {"uv": [13, 2, 3, 4], "texture": "#0"},
				"south": {"uv": [3, 2, 13, 4], "texture": "#0"},
				"up": {"uv": [3, 3, 13, 2], "texture": "#0"},
				"down": {"uv": [3, 4, 13, 3], "texture": "#0"}
			}
		},
		{
			"from": [13, 0, 15],
			"to": [15, 16, 16],
			"rotation": {"angle": 0, "axis": "y", "origin": [20, 8, 8]},
			"faces": {
				"north": {"uv": [15, 0, 13, 16], "texture": "#0"},
				"east": {"uv": [14, 0, 13, 16], "texture": "#0"},
				"south": {"uv": [13, 0, 15, 16], "texture": "#0"},
				"west": {"uv": [15, 0, 14, 16], "texture": "#0"},
				"up": {"uv": [13, 1, 15, 0], "texture": "#0"},
				"down": {"uv": [13, 16, 15, 15], "texture": "#0"}
			}
		}
	]
}