{
	"credit": "Made with Blockbench",
	"textures": {
		"0": "block/observer_top",
		"particle": "block/observer_top"
	},
	"elements": [
		{
			"from": [0, 0.25, 15.5],
			"to": [16, 2.25, 16],
			"rotation": {"angle": -22.5, "axis": "x", "origin": [0, 0.25, 16]},
			"faces": {
				"north": {"uv": [0, 0, 16, 2], "texture": "#0"},
				"east": {"uv": [0, 0, 0.5, 2], "texture": "#0"},
				"south": {"uv": [0, 0, 16, 2], "texture": "#0"},
				"west": {"uv": [0, 0, 0.5, 2], "texture": "#0"},
				"up": {"uv": [0.5, 16, 0, 0], "rotation": 90, "texture": "#0"},
				"down": {"uv": [0.5, 16, 0, 0], "rotation": 270, "texture": "#0"}
			}
		},
		{
			"from": [0, 0.25, 13.5],
			"to": [16, 2.25, 14],
			"rotation": {"angle": -22.5, "axis": "x", "origin": [0, 0.25, 14]},
			"faces": {
				"north": {"uv": [0, 0, 16, 2], "texture": "#0"},
				"east": {"uv": [0, 0, 0.5, 2], "texture": "#0"},
				"south": {"uv": [0, 0, 16, 2], "texture": "#0"},
				"west": {"uv": [0, 0, 0.5, 2], "texture": "#0"},
				"up": {"uv": [0.5, 16, 0, 0], "rotation": 90, "texture": "#0"},
				"down": {"uv": [0.5, 16, 0, 0], "rotation": 270, "texture": "#0"}
			}
		},
		{
			"from": [0, 0.25, 9.5],
			"to": [16, 2.25, 10],
			"rotation": {"angle": -22.5, "axis": "x", "origin": [0, 0.25, 10]},
			"faces": {
				"north": {"uv": [0, 0, 16, 2], "texture": "#0"},
				"east": {"uv": [0, 0, 0.5, 2], "texture": "#0"},
				"south": {"uv": [0, 0, 16, 2], "texture": "#0"},
				"west": {"uv": [0, 0, 0.5, 2], "texture": "#0"},
				"up": {"uv": [0.5, 16, 0, 0], "rotation": 90, "texture": "#0"},
				"down": {"uv": [0.5, 16, 0, 0], "rotation": 270, "texture": "#0"}
			}
		},
		{
			"from": [0, 0.25, 11.5],
			"to": [16, 2.25, 12],
			"rotation": {"angle": -22.5, "axis": "x", "origin": [0, 0.25, 12]},
			"faces": {
				"north": {"uv": [0, 0, 16, 2], "texture": "#0"},
				"east": {"uv": [0, 0, 0.5, 2], "texture": "#0"},
				"south": {"uv": [0, 0, 16, 2], "texture": "#0"},
				"west": {"uv": [0, 0, 0.5, 2], "texture": "#0"},
				"up": {"uv": [0.5, 16, 0, 0], "rotation": 90, "texture": "#0"},
				"down": {"uv": [0.5, 16, 0, 0], "rotation": 270, "texture": "#0"}
			}
		},
		{
			"from": [0, 0.25, 5.5],
			"to": [16, 2.25, 6],
			"rotation": {"angle": -22.5, "axis": "x", "origin": [0, 0.25, 6]},
			"faces": {
				"north": {"uv": [0, 0, 16, 2], "texture": "#0"},
				"east": {"uv": [0, 0, 0.5, 2], "texture": "#0"},
				"south": {"uv": [0, 0, 16, 2], "texture": "#0"},
				"west": {"uv": [0, 0, 0.5, 2], "texture": "#0"},
				"up": {"uv": [0.5, 16, 0, 0], "rotation": 90, "texture": "#0"},
				"down": {"uv": [0.5, 16, 0, 0], "rotation": 270, "texture": "#0"}
			}
		},
		{
			"from": [0, 0.25, 7.5],
			"to": [16, 2.25, 8],
			"rotation": {"angle": -22.5, "axis": "x", "origin": [0, 0.25, 8]},
			"faces": {
				"north": {"uv": [0, 0, 16, 2], "texture": "#0"},
				"east": {"uv": [0, 0, 0.5, 2], "texture": "#0"},
				"south": {"uv": [0, 0, 16, 2], "texture": "#0"},
				"west": {"uv": [0, 0, 0.5, 2], "texture": "#0"},
				"up": {"uv": [0.5, 16, 0, 0], "rotation": 90, "texture": "#0"},
				"down": {"uv": [0.5, 16, 0, 0], "rotation": 270, "texture": "#0"}
			}
		},
		{
			"from": [0, 0.25, 1.5],
			"to": [16, 2.25, 2],
			"rotation": {"angle": -22.5, "axis": "x", "origin": [0, 0.25, 2]},
			"faces": {
				"north": {"uv": [0, 0, 16, 2], "texture": "#0"},
				"east": {"uv": [0, 0, 0.5, 2], "texture": "#0"},
				"south": {"uv": [0, 0, 16, 2], "texture": "#0"},
				"west": {"uv": [0, 0, 0.5, 2], "texture": "#0"},
				"up": {"uv": [0.5, 16, 0, 0], "rotation": 90, "texture": "#0"},
				"down": {"uv": [0.5, 16, 0, 0], "rotation": 270, "texture": "#0"}
			}
		},
		{
			"from": [0, 0.25, 3.5],
			"to": [16, 2.25, 4],
			"rotation": {"angle": -22.5, "axis": "x", "origin": [0, 0.25, 4]},
			"faces": {
				"north": {"uv": [0, 0, 16, 2], "texture": "#0"},
				"east": {"uv": [0, 0, 0.5, 2], "texture": "#0"},
				"south": {"uv": [0, 0, 16, 2], "texture": "#0"},
				"west": {"uv": [0, 0, 0.5, 2], "texture": "#0"},
				"up": {"uv": [0.5, 16, 0, 0], "rotation": 90, "texture": "#0"},
				"down": {"uv": [0.5, 16, 0, 0], "rotation": 270, "texture": "#0"}
			}
		}
	]
}