{
	"credit": "Made with Blockbench",
	"textures": {
		"0": "block/ledmon1",
		"1": "block/ledmon2",
		"2": "block/ledmon3",
		"particle": "block/ledmon1"
	},
	"elements": [
		{
			"from": [0, 0, 0],
			"to": [2, 0.5, 3],
			"faces": {
				"north": {"uv": [0, 15.5, 2, 16], "texture": "#0"},
				"east": {"uv": [0, 13, 0.5, 16], "rotation": 90, "texture": "#0"},
				"south": {"uv": [0, 13, 2, 13.5], "texture": "#0"},
				"west": {"uv": [0, 13, 0.5, 16], "rotation": 90, "texture": "#0"},
				"up": {"uv": [0, 13, 2, 16], "rotation": 180, "texture": "#0"},
				"down": {"uv": [2, 3, 4, 6], "texture": "#2"}
			}
		},
		{
			"from": [3, 0, 0],
			"to": [13, 0.15, 3],
			"faces": {
				"north": {"uv": [0, 0, 10, 0.15], "texture": "#1"},
				"east": {"uv": [0, 0, 3, 0.15], "texture": "#0"},
				"south": {"uv": [0, 0, 10, 0.15], "texture": "#0"},
				"west": {"uv": [0, 0, 3, 0.15], "texture": "#0"},
				"up": {"uv": [0, 10, 10, 13], "rotation": 180, "texture": "#0"},
				"down": {"uv": [2, 0, 5, 10], "rotation": 90, "texture": "#2"}
			}
		},
		{
			"from": [4, 0, 4],
			"to": [12, 2, 14],
			"faces": {
				"north": {"uv": [0, 11, 8, 13], "texture": "#2"},
				"east": {"uv": [11, 0, 9, 10], "rotation": 270, "texture": "#2"},
				"south": {"uv": [0, 14, 8, 16], "texture": "#2"},
				"west": {"uv": [9, 0, 11, 10], "rotation": 90, "texture": "#2"},
				"up": {"uv": [0, 0, 8, 10], "rotation": 180, "texture": "#2"},
				"down": {"uv": [0, 0, 8, 10], "texture": "#2"}
			}
		},
		{
			"from": [5, 2, 8],
			"to": [11, 2.5, 13],
			"faces": {
				"north": {"uv": [2, 9, 8, 9.5], "texture": "#2"},
				"east": {"uv": [2, 9, 7, 9.5], "texture": "#2"},
				"south": {"uv": [2, 9, 8, 9.5], "texture": "#2"},
				"west": {"uv": [0, 0, 5, 0.5], "texture": "#2"},
				"up": {"uv": [2, 5, 8, 10], "texture": "#2"},
				"down": {"uv": [0, 0, 6, 5], "texture": "#missing"}
			}
		},
		{
			"from": [7, 2, 10],
			"to": [9, 13, 12],
			"faces": {
				"north": {"uv": [14, 0, 16, 11], "texture": "#1"},
				"east": {"uv": [14, 0, 16, 11], "texture": "#1"},
				"south": {"uv": [14, 0, 16, 11], "texture": "#1"},
				"west": {"uv": [14, 0, 16, 11], "texture": "#1"},
				"up": {"uv": [14, 0, 16, 2], "texture": "#1"},
				"down": {"uv": [0, 0, 2, 2], "texture": "#missing"}
			}
		},
		{
			"from": [1, 5, 9],
			"to": [15, 15, 10],
			"faces": {
				"north": {"uv": [0, 0, 14, 10], "texture": "#0"},
				"east": {"uv": [0, 0, 1, 10], "texture": "#0"},
				"south": {"uv": [0, 0, 14, 10], "texture": "#1"},
				"west": {"uv": [0, 0, 1, 10], "texture": "#0"},
				"up": {"uv": [0, 0, 14, 1], "texture": "#0"},
				"down": {"uv": [0, 0, 14, 1], "texture": "#0"}
			}
		},
		{
			"from": [4, 6, 10],
			"to": [12, 14, 11],
			"faces": {
				"north": {"uv": [0, 0, 8, 8], "texture": "#missing"},
				"east": {"uv": [13, 1, 14, 9], "texture": "#1"},
				"south": {"uv": [3, 1, 11, 9], "texture": "#1"},
				"west": {"uv": [13, 1, 14, 9], "texture": "#1"},
				"up": {"uv": [2, 9, 10, 10], "texture": "#1"},
				"down": {"uv": [2, 9, 10, 10], "texture": "#1"}
			}
		}
	]
}