{
	"credit": "Made with Blockbench",
	"parent": "minecraft:block/cube_all",
	"textures": {
		"all": "block/sculk_base"
	},
	"elements": [
		{
			"from": [0, 0, 0],
			"to": [16, 16, 16],
			"faces": {
				"north": {"uv": [5.333, 0, 10.664, 5.331], "texture": "#all", "cullface": "north"},
				"east": {"uv": [5.333, 0, 10.663, 5.33], "texture": "#all", "cullface": "east"},
				"south": {"uv": [5.333, 0, 10.663, 5.33], "texture": "#all", "cullface": "south"},
				"west": {"uv": [5.333, 0, 10.663, 5.33], "texture": "#all", "cullface": "west"},
				"up": {"uv": [5.333, 0, 10.663, 5.33], "texture": "#all", "cullface": "up"},
				"down": {"uv": [5.333, 0, 10.665, 5.331], "texture": "#all", "cullface": "down"}
			}
		}
	]
}